Endpoint,Tempo Médio (ms) (Baseline),Tempo Máximo (ms) (Baseline),Req/s (Baseline),Total Requisições (Baseline),Erros (Baseline),Taxa Sucesso (%) (Baseline),Tempo Médio (ms) (Otimizado),Tempo Máximo (ms) (Otimizado),Req/s (Otimizado),Total Requisições (Otimizado),Erros (Otimizado),Taxa Sucesso (%) (Otimizado)
/api/recurso,4484.754554415293,19804.12149240001,0.23576310458479494,352,0,100.0,77.36270099464893,4671.818059400539,2.7879652882896484,4153,0,100.0
/api/recurso-detalhe/{id},4113.007536585907,21413.751719199718,0.7105217548559708,1061,0,100.0,76.50751587400737,6543.596897399766,8.456609377761565,12598,0,100.0
/api/recurso-lento,47777.70229321965,66144.60746580007,0.8150090855232893,1217,0,100.0,1107.0975301558126,22359.488988600424,11.192082956219418,16675,0,100.0
/api/status,4756.754941836466,22982.345884000097,0.4547020206352987,679,0,100.0,68.17138108761473,4979.027567599769,5.646837917763884,8412,0,100.0
Aggregated,20190.395075730252,66144.60746580007,2.2159959655993537,3309,0,100.0,478.0441204873243,22359.488988600424,28.083495540034516,41838,0,100.0
