Type,Name,Request Count,Failure Count,Median Response Time,Average Response Time,Min Response Time,Max Response Time,Average Content Size,Requests/s,Failures/s,50%,66%,75%,80%,90%,95%,98%,99%,99.9%,99.99%,100%
POST,/api/recurso,9,0,2300,8071.356835445234,93.88534600293497,18734.86411900012,160.77777777777777,0.38655655269549993,0.0,2300,15000,16000,17000,19000,19000,19000,19000,19000,19000,19000
GET,/api/recurso-detalhe/{id},22,0,16000,14249.723153954292,136.27545599956647,19013.46432599894,398.59090909090907,0.944916017700111,0.0,17000,17000,18000,18000,19000,19000,19000,19000,19000,19000,19000
GET,/api/status,7,0,17000,10515.748331714609,109.2343440031982,18639.585370998248,106.0,0.3006550965409444,0.0,17000,17000,18000,18000,19000,19000,19000,19000,19000,19000,19000
,Aggregated,38,0,16000,12098.588400736939,93.88534600293497,19013.46432599894,288.36842105263156,1.6321276669365554,0.0,16000,17000,18000,18000,19000,19000,19000,19000,19000,19000,19000
