Type,Name,Request Count,Failure Count,Median Response Time,Average Response Time,Min Response Time,Max Response Time,Average Content Size,Requests/s,Failures/s,50%,66%,75%,80%,90%,95%,98%,99%,99.9%,99.99%,100%
POST,/api/recurso,85,0,10,14.179628011676387,7.653382002899889,78.10616200004006,160.85882352941175,2.9226441135025185,0.0,10,13,14,15,17,22,77,78,78,78,78
GET,/api/recurso-detalhe/{id},297,0,7,10.790507925953795,5.266462001600303,99.3910910001432,397.8013468013468,10.212062373061741,0.0,7,8,9,10,15,24,62,70,99,99,99
GET,/api/recurso-lento,373,0,9,18.784351112741504,7.378769001661567,527.1483199976501,292058.0,12.825250051016933,0.0,9,10,11,12,16,55,82,370,530,530,530
GET,/api/status,159,0,8,13.637684056493812,6.19000200094888,83.59074300096836,106.0,5.467063694669417,0.0,8,9,11,12,20,64,70,74,84,84,84
,Aggregated,914,0,9,14.863242850148652,5.266462001600303,527.1483199976501,119350.44638949672,31.42702023225061,0.0,9,10,11,12,16,49,70,82,530,530,530
