Type,Name,Request Count,Failure Count,Median Response Time,Average Response Time,Min Response Time,Max Response Time,Average Content Size,Requests/s,Failures/s,50%,66%,75%,80%,90%,95%,98%,99%,99.9%,99.99%,100%
POST,/api/recurso,1012,0,10,11.465735380439986,6.938612999874749,99.83411300163425,160.66600790513834,3.382317229085628,0.0,10,11,12,13,17,20,26,31,75,100,100
GET,/api/recurso-detalhe/{id},2898,0,7,8.977310872320906,4.770847999679972,111.24354999992647,397.77087646652865,9.685726610563389,0.0,7,8,9,10,13,16,21,30,82,110,110
GET,/api/recurso-lento,3969,0,11,13.325271733169469,6.241468001462636,656.8997940012196,408419.71101033007,13.265234270988989,0.0,11,12,13,14,16,19,24,44,510,660,660
GET,/api/status,1974,0,8,10.026122944304063,4.917861999274464,89.48411100027442,106.0,6.597523923137381,0.0,8,9,10,11,14,18,25,39,87,89,89
,Aggregated,9853,0,10,11.194472882776525,4.770847999679972,656.8997940012196,164674.96305693698,32.930802033775386,0.0,10,11,12,13,15,18,24,33,180,660,660
