Type,Name,Request Count,Failure Count,Median Response Time,Average Response Time,Min Response Time,Max Response Time,Average Content Size,Requests/s,Failures/s,50%,66%,75%,80%,90%,95%,98%,99%,99.9%,99.99%,100%
POST,/api/recurso,2,0,20459.03113699751,20463.113597998017,20459.03113699751,20467.196058998525,160.0,0.09755206827666073,0.0,20000,20000,20000,20000,20000,20000,20000,20000,20000,20000,20000
GET,/api/recurso-detalhe/{id},2,0,20424.872512998263,20434.915849498793,20424.872512998263,20444.959185999323,380.0,0.09755206827666073,0.0,20000,20000,20000,20000,20000,20000,20000,20000,20000,20000,20000
GET,/api/status,2,0,20441.17693700173,20467.19455750099,20441.17693700173,20493.21217800025,106.0,0.09755206827666073,0.0,20000,20000,20000,20000,20000,20000,20000,20000,20000,20000,20000
,Aggregated,6,0,20424.872512998263,20455.0746683326,20424.872512998263,20493.21217800025,215.33333333333334,0.29265620482998217,0.0,20000,20000,20000,20000,20000,20000,20000,20000,20000,20000,20000
