Type,Name,Request Count,Failure Count,Median Response Time,Average Response Time,Min Response Time,Max Response Time,Average Content Size,Requests/s,Failures/s,50%,66%,75%,80%,90%,95%,98%,99%,99.9%,99.99%,100%
POST,/api/recurso,17,0,100,295.37572458823837,23.496051002439344,2221.6084220017365,160.41176470588235,0.7538217115576624,0.0,100,150,160,410,730,2200,2200,2200,2200,2200,2200
GET,/api/recurso-detalhe/{id},63,0,310,665.3498451747249,10.884752999118064,5778.6296869999205,400.1904761904762,2.793574578125455,0.0,310,430,510,620,2200,4200,5600,5800,5800,5800,5800
GET,/api/recurso-lento,21,0,12000,11742.042486238157,1857.7778250000847,18529.53802999764,291445.0,0.9311915260418183,0.0,12000,16000,16000,16000,17000,17000,19000,19000,19000,19000,19000
GET,/api/status,37,0,140,717.2585445136851,24.772329001280013,5247.894318999897,106.0,1.6406707839784418,0.0,140,390,420,580,2400,4800,5200,5200,5200,5200,5200
,Aggregated,138,0,330,2319.2745356667783,10.884752999118064,18529.53802999764,44581.20289855073,6.119258599703377,0.0,350,510,1500,2400,11000,16000,17000,17000,19000,19000,19000
