Type,Name,Request Count,Failure Count,Median Response Time,Average Response Time,Min Response Time,Max Response Time,Average Content Size,Requests/s,Failures/s,50%,66%,75%,80%,90%,95%,98%,99%,99.9%,99.99%,100%
POST,/api/recurso,84,0,200,3190.895654892876,22.497346999443835,29861.744204999923,160.70238095238096,0.2807032386978927,0.0,210,900,2700,3900,11000,17000,30000,30000,30000,30000,30000
GET,/api/recurso-detalhe/{id},232,0,230,2544.2249641336152,22.100238000348327,29342.85534999981,399.4353448275862,0.7752756116417989,0.0,230,1100,2300,3100,8200,16000,17000,27000,29000,29000,29000
GET,/api/recurso-lento,291,0,39000,38962.68931479383,533.9853380000932,68610.5372639995,300409.25085910654,0.9724362197748426,0.0,39000,40000,43000,45000,52000,60000,68000,68000,69000,69000,69000
GET,/api/status,154,0,200,2640.257241993521,22.454188000665454,26756.697976000396,106.0,0.51462260427947,0.0,200,1100,2700,3900,8100,16000,19000,26000,27000,27000,27000
,Aggregated,761,0,3400,16561.153262236523,22.100238000348327,68610.5372639995,115034.93298291722,2.543037674394004,0.0,3400,29000,38000,39000,41000,49000,60000,67000,69000,69000,69000
