Type,Name,Request Count,Failure Count,Median Response Time,Average Response Time,Min Response Time,Max Response Time,Average Content Size,Requests/s,Failures/s,50%,66%,75%,80%,90%,95%,98%,99%,99.9%,99.99%,100%
POST,/api/recurso,83,0,9,12.591592421550416,7.249809998029377,68.62037999962922,160.81927710843374,2.85417059637833,0.0,9,10,11,13,16,21,64,69,69,69,69
GET,/api/recurso-detalhe/{id},265,0,7,10.826699037716025,5.123243998241378,73.31459099805215,398.46415094339625,9.11271334988262,0.0,7,8,9,9,13,46,55,60,73,73,73
GET,/api/recurso-lento,375,0,9,12.223181866827266,6.631811000261223,180.1969990010548,313858.0,12.895349080022577,0.0,9,10,10,11,13,18,56,69,180,180,180
GET,/api/status,204,0,8,11.996059235357011,5.673147999914363,107.57160299908719,106.0,7.015069899532281,0.0,8,8,9,10,14,55,64,91,110,110,110
,Aggregated,927,0,9,11.806975943966005,5.123243998241378,180.1969990010548,127116.84466019417,31.87730292581581,0.0,9,9,10,10,14,42,60,68,180,180,180
