Type,Name,Request Count,Failure Count,Median Response Time,Average Response Time,Min Response Time,Max Response Time,Average Content Size,Requests/s,Failures/s,50%,66%,75%,80%,90%,95%,98%,99%,99.9%,99.99%,100%
POST,/api/recurso,76,0,2700,3499.5776801184356,58.3234519999678,13427.105837999989,160.75,0.2546451184116869,0.0,2700,4800,5500,5900,8100,11000,13000,13000,13000,13000,13000
GET,/api/recurso-detalhe/{id},210,0,3400,3931.38045411907,11.822901999039459,13362.125817999186,397.0,0.7036246692954506,0.0,3500,5200,5900,6600,8100,11000,13000,13000,13000,13000,13000
GET,/api/recurso-lento,266,0,42000,42285.42054280835,35648.3746670001,51760.658023998985,323461.97744360904,0.8912579144409042,0.0,42000,43000,44000,45000,46000,47000,49000,50000,52000,52000,52000
GET,/api/status,137,0,3100,4104.9029542773515,88.31681499941624,13415.781581999909,106.0,0.45903133187369877,0.0,3100,5200,6000,6300,10000,13000,13000,13000,13000,13000,13000
,Aggregated,689,0,6600,18725.473683856355,11.822901999039459,51760.658023998985,125037.72859216256,2.3085590340217403,0.0,6600,39000,41000,42000,44000,46000,47000,49000,52000,52000,52000
