Type,Name,Request Count,Failure Count,Median Response Time,Average Response Time,Min Response Time,Max Response Time,Average Content Size,Requests/s,Failures/s,50%,66%,75%,80%,90%,95%,98%,99%,99.9%,99.99%,100%
POST,/api/recurso,10,0,10000,9706.75171309922,90.39350999955786,12671.393650998652,160.8,0.38951394866386946,0.0,10000,11000,11000,12000,13000,13000,13000,13000,13000,13000,13000
GET,/api/recurso-detalhe/{id},31,0,10000,9594.848254870627,21.478753002156736,12712.67378199991,397.35483870967744,1.2074932408579953,0.0,10000,10000,11000,12000,12000,13000,13000,13000,13000,13000,13000
GET,/api/status,14,0,10000,10347.985558429044,88.45346000089194,12752.218706998974,106.0,0.5453195281294172,0.0,10000,12000,12000,13000,13000,13000,13000,13000,13000,13000,13000
,Aggregated,55,0,10000,9806.90201545433,21.478753002156736,12752.218706998974,280.1818181818182,2.1423267176512817,0.0,10000,11000,12000,12000,13000,13000,13000,13000,13000,13000,13000
