Type,Name,Request Count,Failure Count,Median Response Time,Average Response Time,Min Response Time,Max Response Time,Average Content Size,Requests/s,Failures/s,50%,66%,75%,80%,90%,95%,98%,99%,99.9%,99.99%,100%
POST,/api/recurso,908,0,10,16.85686708369237,5.961910999758402,462.78312700087554,160.71145374449338,3.03378414088013,0.0,10,13,16,19,28,42,81,100,460,460,460
GET,/api/recurso-detalhe/{id},2781,0,8,15.321645854027668,4.805217000466655,2237.2606209992227,398.6116504854369,9.291799224435728,0.0,8,9,11,13,21,30,68,100,1500,2200,2200
GET,/api/recurso-lento,3643,0,18,173.33438169009742,11.30824699976074,25066.13221600128,900115.776008784,12.171889455095059,0.0,18,20,21,23,28,36,97,500,25000,25000,25000
GET,/api/status,1868,0,9,14.531483702347508,5.220906999966246,1315.1523869983066,106.0,6.24130922374899,0.0,9,11,13,15,22,31,59,120,580,1300,1300
,Aggregated,9200,0,14,77.88233657446236,4.805217000466655,25066.13221600128,356584.1570652174,30.73878204415991,0.0,14,17,19,20,26,35,77,130,24000,25000,25000
