Type,Name,Request Count,Failure Count,Median Response Time,Average Response Time,Min Response Time,Max Response Time,Average Content Size,Requests/s,Failures/s,50%,66%,75%,80%,90%,95%,98%,99%,99.9%,99.99%,100%
POST,/api/recurso,98,0,10,15.688394152935611,8.13201500204741,104.61891399972956,160.73469387755102,3.367953952967954,0.0,10,14,16,17,24,50,68,100,100,100,100
GET,/api/recurso-detalhe/{id},261,0,8,12.74406685818043,5.897058999835281,101.88126299908618,399.4022988505747,8.969754915557509,0.0,8,10,11,12,18,50,65,67,100,100,100
GET,/api/recurso-lento,395,0,10,15.150020425255805,7.305762999749277,346.87407100136625,335715.0,13.57491644308512,0.0,10,12,13,14,17,28,58,76,350,350,350
GET,/api/status,159,0,9,12.274854987366973,6.749291998858098,65.9543340007076,106.0,5.46433345430515,0.0,9,10,11,12,16,25,64,66,66,66,66
,Aggregated,913,0,10,14.019303491719796,5.897058999835281,346.87407100136625,145393.5104052574,31.376958765915735,0.0,10,11,12,14,18,40,61,67,350,350,350
