Type,Name,Request Count,Failure Count,Median Response Time,Average Response Time,Min Response Time,Max Response Time,Average Content Size,Requests/s,Failures/s,50%,66%,75%,80%,90%,95%,98%,99%,99.9%,99.99%,100%
POST,/api/recurso,64,0,1000,7907.232835562558,81.07741400090163,39446.32221400025,160.71875,0.21488705169979957,0.0,1300,2300,15000,16000,36000,38000,39000,39000,39000,39000,39000
GET,/api/recurso-detalhe/{id},169,0,780,6073.862972917149,42.00997599946277,39450.68245899893,399.8757396449704,0.5674361208947832,0.0,780,2500,4300,9700,23000,36000,38000,39000,39000,39000,39000
GET,/api/recurso-lento,178,0,53000,58575.5027475225,50575.971472000674,88066.57323099898,372288.7528089888,0.5976546125400676,0.0,53000,56000,61000,63000,80000,84000,84000,85000,88000,88000,88000
GET,/api/status,95,0,1300,7978.679214547335,75.68734999949811,39483.58675799864,106.0,0.31897296736688996,0.0,1300,3500,14000,17000,26000,38000,39000,39000,39000,39000,39000
,Aggregated,506,0,9700,25132.331538221337,42.00997599946277,88066.57323099898,131137.02173913043,1.6989507525015404,0.0,9700,51000,52000,53000,59000,76000,84000,84000,88000,88000,88000
