Type,Name,Request Count,Failure Count,Median Response Time,Average Response Time,Min Response Time,Max Response Time,Average Content Size,Requests/s,Failures/s,50%,66%,75%,80%,90%,95%,98%,99%,99.9%,99.99%,100%
POST,/api/recurso,10,0,9600,9868.089147800129,7694.755525000801,11479.911050002556,160.7,0.3726256586285274,0.0,9600,10000,11000,11000,11000,11000,11000,11000,11000,11000,11000
GET,/api/recurso-detalhe/{id},24,0,9600,8278.133700041963,70.77153100181022,13800.743664000038,399.4583333333333,0.8943015807084659,0.0,9600,11000,11000,11000,14000,14000,14000,14000,14000,14000,14000
GET,/api/status,14,0,8600,7632.4795494999435,613.2012320013018,11393.44266199987,106.0,0.5216759220799384,0.0,8600,8700,9600,9600,11000,11000,11000,11000,11000,11000,11000
,Aggregated,48,0,9600,8421.058624416824,70.77153100181022,13800.743664000038,264.125,1.7886031614169318,0.0,9600,9600,11000,11000,11000,14000,14000,14000,14000,14000,14000
