Type,Name,Request Count,Failure Count,Median Response Time,Average Response Time,Min Response Time,Max Response Time,Average Content Size,Requests/s,Failures/s,50%,66%,75%,80%,90%,95%,98%,99%,99.9%,99.99%,100%
POST,/api/recurso,95,0,10,13.22486306296349,7.538350997492671,89.75241399821243,160.6421052631579,3.2732694182267665,0.0,10,11,13,15,19,43,50,90,90,90,90
GET,/api/recurso-detalhe/{id},267,0,8,12.821309666553939,5.037376999098342,108.13637600222137,397.8426966292135,9.199609838595228,0.0,8,9,11,12,16,55,76,84,110,110,110
GET,/api/recurso-lento,369,0,11,17.303395848302454,7.515175999287749,443.54056999873137,384760.22222222225,12.714067529743966,0.0,11,11,13,14,18,50,73,180,440,440,440
GET,/api/status,182,0,8,11.604194835124693,5.85846400281298,82.43062600013218,106.0,6.270895095971278,0.0,8,9,10,11,14,19,73,80,82,82,82
,Aggregated,913,0,10,14.432166703141,5.037376999098342,443.54056999873137,155659.69222343923,31.457841882537238,0.0,10,11,12,13,17,50,73,84,440,440,440
