Type,Name,Request Count,Failure Count,Median Response Time,Average Response Time,Min Response Time,Max Response Time,Average Content Size,Requests/s,Failures/s,50%,66%,75%,80%,90%,95%,98%,99%,99.9%,99.99%,100%
POST,/api/recurso,85,0,10,15.523359823633013,6.834792002337053,79.58418300040648,160.87058823529412,2.9243866771354785,0.0,10,12,14,16,20,68,70,80,80,80,80
GET,/api/recurso-detalhe/{id},281,0,8,11.15228147330355,5.513102001714287,102.52757200214546,398.4128113879004,9.667678309118465,0.0,8,8,9,10,13,37,61,83,100,100,100
GET,/api/recurso-lento,367,0,11,20.330266920963954,7.422970000334317,684.0551090026565,361279.0,12.626469535396714,0.0,11,11,13,14,17,36,70,430,680,680,680
GET,/api/status,180,0,8,11.317120955775156,5.088904003059724,86.18172700153082,106.0,6.19281884569866,0.0,8,9,10,12,14,37,54,72,86,86,86
,Aggregated,913,0,10,15.281014688981822,5.088904003059724,684.0551090026565,145382.3669222344,31.411353367349317,0.0,10,11,12,12,16,37,69,83,680,680,680
