Type,Name,Request Count,Failure Count,Median Response Time,Average Response Time,Min Response Time,Max Response Time,Average Content Size,Requests/s,Failures/s,50%,66%,75%,80%,90%,95%,98%,99%,99.9%,99.99%,100%
POST,/api/recurso,883,0,10,19.620097388437017,6.2481879995175404,772.4491089993535,160.67836919592298,2.9475345117872966,0.0,10,13,17,21,31,47,100,190,770,770,770
GET,/api/recurso-detalhe/{id},2802,0,8,23.610526309768634,4.776444000526681,7484.697195999615,398.01927194860815,9.353331485875431,0.0,8,10,13,16,26,39,110,170,6300,7500,7500
GET,/api/recurso-lento,3601,0,22,290.57369592973197,12.997199999517761,26202.867756999694,1132837.2546514857,12.020466338557254,0.0,22,24,26,28,35,51,270,14000,26000,26000,26000
GET,/api/status,1890,0,9,18.96577593440159,4.935400000249501,782.1963620008319,106.0,6.308992329873149,0.0,9,11,14,17,27,38,110,250,750,780,780
,Aggregated,9176,0,17,127.03601092774079,4.776444000526681,26202.867756999694,444725.8525501308,30.63032466609313,0.0,17,21,23,25,31,45,150,410,25000,26000,26000
